Stiebler,T.M.S,91894
Rohlf,M.R,90563
Biskup,I.B,00603
Donnel,H.F.D,66455
Pierucci,H.G.P,20691
Matous,H.F.V.M,98043
Whatsize,K.B.W,98287
Warsop,N.W.W,08568
Shannon,Y.S,82702
Presdee,N.P,11747
Leadley,R.L,88246
Ferrick,X.F,88485
Vakhrushin,F.D.V,10897
Robberecht,N.S.R,91640
Houseman,V.N.H,17299
Cowdrey,C.C,86291
Flippelli,P.Q.F,18149
Servante,P.S,90551
Rosel,Y.R,69735
Rigler,Q.G.R,01928
Favey,T.F,67798
Ellam,B.E,80746
Guilliatt,Z.Y.P.G,25910
Camps,U.C,54248
Wortt,B.W.W,54005
Speers,D.I.S,79767
Jelleman,O.B.J,88238
Downing,M.D.D,63192
Treven,M.T,69985
Outibridge,E.L.O,93610
Pittwood,Q.C.P,42223
Igo,C.G.I,43794
Bucknell,W.B,69986
Gullen,F.C.N.G,33512
Twamley,Z.T,77133
Skitt,Z.Y.S,58851
Bodd,V.J.B,28398
Bury,Y.D.B,70725
Rymer,Y.M.R,33759
Nussii,J.F.V.N,69753
Cowie,S.G.C,17032
Lowell,I.Y.L,41124
Culy,K.I.C,45728
Woller,R.X.W,68429
Biddell,R.Q.B,23710
Tellenbach,U.Q.T,22864
Leades,G.L,45727
Danton,V.I.D,82705
Rizzardi,S.R,59955
Laughlan,C.J.L,12825
Lefeaver,O.L,31563
Bench,X.B,32652
Thurby,C.L.T,33742
Bernard,O.D.B,35927
Gibbonson,F.W.G,70979
Lumby,U.B.L,16396
Dinjes,E.D,66013
Antoniottii,P.I.A,67587
Ashwin,J.A,93871
Arrault,I.G.A,90125
Hairsnape,D.E.H,19420
Coulthart,E.E.X.C,07439
Agiolfinger,K.P.K.A,28131
Lilliman,E.A.L,56452
Battin,G.B,19668
Waite,A.B.W,95807
Hurling,D.P.H,41340
Wride,R.W,20662
Leggott,G.A.L,22848
Rains,C.U.R,80308
Keble,A.K,45708
Gothard,Z.G,30453
Stanney,W.O.S,08996
Manthorpe,R.A.M,82971
Streetfield,D.B.F.S,79327
Brundall,M.X.Y.B,18312
Grace,Z.Q.G,89152
Milbourn,Y.C.M,17467
Saunt,E.J.S,88061
Fullerlove,M.P.F,93416
Winfrey,L.Q.W,93655
Hartrick,A.H,29448
Wilstead,B.W,59981
Everleigh,Q.E,21726
Welsh,S.W,79351
De,K.D,60727
Trinke,F.L.T,09874
Eckery,K.E,80106
Croot,T.Y.C,59984
de,V.d,07210
Collishaw,U.W.C,58410
Pickett,S.P,92319
Moodie,Q.M,91228
Patnelli,V.P,82760
Dahlgren,N.P.P.D,26170
Hiddsley,I.H,38151
Stopford,H.S,43983
Belfrage,C.D.B,94975
Bum,Y.B,92791
Boscott,B.B,79340
Clunan,P.H.C,20404
Sallnow,L.U.V.S,06116
Auton,S.E.R.A,79584
Fauning,Z.U.F,07206
Greasley,Q.G,83844
Bowditch,H.B,81665
Matzaitis,U.G.M,56247
Lehon,P.S.L,56248
Essam,I.X.E,55155
Roslen,P.T.R,06599
Matthaus,N.O.M,07684
Habben,R.C.S.H,57577
Barkway,R.T.B,07680
Philpot,E.P,33947
Froggatt,X.F,60070
Kennewell,Z.K,45357
Temperton,W.T,02868
Cozens,W.S.C,46445
Sidsaff,G.S,21144
Izak,L.Y.I,66613
Grishagin,Y.P.G,98446
Bantham,E.B,63107
Ottewell,Q.Q.C.O,34228
Beange,U.B,36408
Kunze,B.N.K,50034
Stote,O.M.S,84044
Hamm,K.H,53306
Crossingham,G.A.U.C,08164
Reubens,K.R,84289
Benini,I.A.B,82090
Tinwell,G.T,63595
Ledwitch,T.D.L,03947
Weldon,F.W,63596
Clemens,Q.T.C,59090
Ealles,O.E,19079
Spriggin,K.V.P.S,98438
Speak,F.I.S,00671
Handaside,X.D.D.H,74485
Noblet,F.N,96251
Tortoise,L.J.T,30091
Mallam,P.M,01523
Androlli,E.Q.A,96010
Raittie,H.R,73151
Devas,K.S.D,51373
Mastrantone,M.M,54406
Sedgemond,D.Q.S,88875
Maffetti,G.L.M,76417
Galland,K.G,25726
Levington,T.O.L,03738
Conyers,T.O.C,05915
Sibbering,M.S,27908
Depport,Z.H.D,03975
Rennix,C.R,31171
Egglestone,B.E,01311
Devoy,S.D,68813
Keaves,K.K,98464
Ridout,V.X.R,35779
Augustin,M.G.A,99791
Smedmore,G.L.S,34685
Carayol,U.C.C,88426
Yapp,J.W.Y.Y,87335
Strodder,H.A.S,36620
Muldowney,Z.J.J.M,29081
Hartegan,X.H,45572
Brisard,O.C.B,10476
Spering,H.J.T.S,37713
Thinn,G.T.T,55508
Malpas,V.M,90739
Kmietsch,F.S.K,22229
Beckerleg,L.B,01543
Ion,T.I,66647
Corking,E.K.C,00215
O'Brollachain,S.H.O,65319
Ashdown,C.L.A,31166
Gookes,S.G,77767
Lentsch,D.B.L,07085
Fiske,C.K.F,13753
Lant,N.C.L,77527
Petters,V.P,07082
Ochterlony,S.N.O,25707
Pace,T.P,45315
Josskowitz,Y.M.J,63386
Newby,P.W.N,21343
Thursby,I.C.T,66414
Fellon,T.L.F,46643
Riddiford,G.R,99573
Birrel,Z.B,76463
Ramshaw,C.R,53340
Fer,M.F,72091
Olliff,Y.O,32485
Bartoszek,U.T.B,77557
Martellini,H.H.M,65574
Adamowitz,Y.A,43369
Clappson,T.C,99328
Saltrese,U.D.S,64244
Tuite,O.F.T,02817
Hawkswell,P.V.H,22441
Petyankin,L.P,69937
Adacot,R.A,80702
Suatt,A.S,00632
Strike,J.O.S,13739
Flavelle,H.G.F,12406
Craighall,S.C,79963
Chidler,L.B.C,78632
Atmore,K.A.A,53113
Fell,J.K.F,89524
MacKettrick,E.M,90506
Cluatt,H.C,47953
Tod,D.L.T,46623
Anthes,Z.A,18153
Coleford,X.K.C,34880
Taye,A.W.T,31135
Gookey,A.I.G,54215
Brabbins,R.E.Z.B,08384
Ivashin,H.A.I,41172
Peaddie,G.O.P,21335
Donkersley,E.D,63175
Allerton,Z.A.A,22429
Jina,B.J,03927
Worge,Z.W,00410
Snufflebottom,R.M.I.S,24841
Mattiello,K.M,42259
Narramor,G.F.N,39084
Paye,Z.V.P,91619
Kimm,M.F.K,57737
Menguy,S.H.M,32217
Jones,C.M.J,73548
Boice,S.B,12152
Morrallee,A.M,31905
Filimore,F.H.F,70278
Philipsson,L.V.D.P,42803
Asser,S.W.A,79093
Lintall,V.F.L,42805
Layson,W.L,97510
MacMaykin,N.M,59480
Crier,H.E.M.C,03434
Lorait,R.O.L,85539
Neem,B.N,84449
Budgeon,I.B,25464
Etridge,T.E,51763
O'Gready,Z.S.O,39633
Rowles,D.E.P.R,14334
Benedit,F.B,50679
Colt,L.C,18934
Quartly,C.O.Q,49427
Croson,P.C,04999
Abbati,R.A,94470
Fanthom,F.X.F,96893
Hulle,H.Z.H,64845
McGhie,E.M,28502
Geroldi,Q.G,03423
Plows,K.P,82255
Nekrews,D.N,84678
Rotlauf,I.Z.R,35024
Espasa,U.H.E,50202
Carik,T.V.C,47244
Loren,J.L,16765
Fowlestone,B.W.F,85760
Cottham,V.F.C,16764
Prott,S.V.C.P,39869
Comer,Q.C,15438
Traill,O.T,49418
Kibble,Z.K,75504
MacGlory,M.X.M,74654
Belderfield,R.J.B,71144
Stride,I.S,64858
Mussen,A.C.M,64615
Billows,L.S.B,88827
Ren,U.R,25200
Grint,M.L.G,01272
Rennocks,P.R,01030
Tomley,O.T,86642
Knobell,N.K,98612
Touret,A.T,75756
Leguey,J.N.L,47468
Taysbil,Z.W.T,46376
McArthur,S.W.Z.M,26302
Relph,A.R,96430
Delves,B.D,29811
Banting,O.F.B,74661
Iltchev,J.I,35249
Dawidman,T.K.D,51790
Byres,V.B,85788
Brannon,B.B,25692
Piatto,O.P,86878
Meneghi,K.Z.M,28962
Wettern,P.W,85544
Hattiff,D.H,48311
Zuann,B.Z,37423
Hender,Q.J.H,83362
England,I.W.E,76834
Latour,O.L.L,48550
Fackney,H.B.F,72016
Fellis,E.A.F,63544
Shillinglaw,Y.O.S,74432
Peace,C.D.P,99972
Rachuig,X.R,02784
McLachlan,M.M,96462
Szymanek,J.Q.S,84008
Burtwistle,H.N.V.B,53741
Linner,I.Y.J.L,01690
Brayshay,H.X.B,77712
Fludgate,N.F,76624
Dunnico,A.D,77715
Findlater,B.F,39835
Gooder,J.G,16956
Sharpless,M.L.S,47448
Haire,S.V.H,49624
Badsworth,K.B,11273
McGuiney,G.M,46113
Swindle,G.S,97305
Minguet,U.M,97300
Courtes,Y.Y.R.C,23012
Willshee,G.I.W,74201
Ridgway,W.U.R,97786
Fredi,Z.X.F,01200
Bartleet,N.B,26766
Chesman,F.E.C,73594
Bostock,T.B,97540
Chieco,I.G.C,04953
Tute,M.T,01203
Dunton,D.D,02771
Gallahar,Z.W.L.G,35467
Chaff,H.B.O.C,54841
Hinckley,K.H,35464
Hutchason,S.H,52420
Messenbird,V.M,36553
Ebdon,W.E,36312
Melanaphy,B.M,46111
Earp,B.E,38977
Grimsdale,Q.H.G,98429
Fenix,A.J.F,63560
Rudsdell,O.K.R,45015
Walesa,E.W,65745
Posthill,J.P,24794
Bowmaker,Z.C.B,98421
Kinneally,M.K,33030
Kubat,S.G.K,96482
Cattemull,O.E.C,26737
Gaenor,J.G,94066
Mecco,E.M,27823
Le,U.L,99991
Bernini,H.B,15848
Rennebeck,A.R,86444
Skurm,Y.S,47430
Riveles,Z.Z.R,11487
Drife,L.D,83178
Jurkiewicz,F.T.J,61143
Ivatts,W.I,76648
Styan,O.N.U.S,14515
Tunniclisse,G.K.Z.T,59070
Batchelor,F.B,72049
Abelson,W.M.A,98899
Gifkins,J.E.G,47423
Gleave,U.Q.G,21298
Castellani,X.C,05829
Gallandre,M.G,12581
Walcar,I.Y.W,26742
Troman,C.T,32172
Shark,T.Y.S,62008
Esplin,G.E,34590
Bastick,R.M.B,83168
Ezzell,E.X.S.E,34597
Golsworthy,X.G,09188
MacRinn,U.G.S.M,55713
McPhelim,L.M,21291
M'Quharg,S.G.M,84494
Mc,P.X.M,09181
Donaho,O.D,16945
Labrom,J.L,83162
McKitterick,B.H.M,14173
Kesey,T.K,70679
Fenemore,I.M.F,38142
Royl,B.R,27007
Besque,O.P.B,45915
Reedy,E.R,28579
Bradforth,G.S.B,21945
Larmor,W.W.K.L,05456
Allibone,S.L.A,54195
Eliaz,V.E,45914
Hember,N.L.H,84841
Deely,F.D,32608
Studde,I.R.S,17205
Matejic,K.D.Z.M,89058
Benbrick,P.B,17211
Winterburn,F.W,17695
Simper,P.T.S,40691
Sooley,R.S.S,74801
Harrowsmith,D.H,39220
Bricket,O.Z.B,16125
Farnill,S.D.F,94636
Foort,O.F,18782
Tidswell,I.T,93304
Gayler,H.G,92450
Bayford,R.B,62822
Clifford,I.C,05688
Keers,F.O.M.K,55295
Ropking,R.R,43725
Gorey,S.Y.A.G,31741
Braine,I.X.B,60883
Newcom,Z.O.N,38137
Gurg,T.V.G,81561
Hannaway,C.Y.H,50603
Filippyev,Z.Q.F,95999
Kohtler,R.U.K,35091
Dalbey,T.J.D,38365
Glanton,A.D.J.G,40441
Lait,Z.L,43713
Juster,M.J,05239
Giotto,K.Q.G,07414
Grassin,R.Q.G,80267
Simoens,N.V.S,80264
Sloy,J.G.R.S,57009
McLellan,O.M,81355
Tupper,J.H.T,13068
Frodsam,O.H.F,20843
Elsbury,G.J.E,06558
Affron,Z.H.A,78175
Matthewes,A.Y.M,84856
Duny,F.U.D,05465
Witherington,H.U.W,49004
Woodall,Y.W,49487
Ferreras,X.N.F,19617
Ravilus,Y.A.R,02191
Heeron,Q.H,17678
Onraet,Y.U.O,68159
Blabie,G.H.B,69246
Glyne,S.G,72415
Gerrell,Z.G.F.G,94447
Charlo,H.O.C,29625
Poppleton,H.E.P,61524
Macilhench,O.M,41518
Meachem,R.M,06745
Caney,O.T.C,86826
Kobiela,N.K,84406
McQuarrie,X.N.M,83312
Gayther,Y.D.L.G,01055
Etienne,L.O.E,23087
Piggott,C.P,80043
Corten,M.O.C,38108
Dudmesh,F.E.D,39439
Dalrymple,G.D,17893
Hartgill,F.H,93345
Soot,D.S,36394
Kingett,C.P.K,73514
Snazel,E.S,38333
Crosi,K.S.S.C,06978
Hassur,P.H,03465
Orwin,G.A.O,01285
Larenson,E.L,81366
Toppas,E.T,03460
Turrill,D.T,00195
Sumpner,R.M.S,39424
Garnett,Y.H.G,75920
Wrankling,I.F.W,39668
Pedracci,M.P,48371
Clavey,Q.C,69494
Umney,R.U,51739
Spilsbury,H.S,53917
Amy,T.A.A,15685
Storrar,W.U.S,14352
Sollom,L.S,94460
Manzell,H.W.M,25007
Graysmark,F.H.G,58372
McCree,Y.M,28759
Vidineev,X.V,03259
Ruddy,P.R,06761
Hinchshaw,F.F.Q.H,25244
Perell,W.E.P,81393
Audenis,M.A,52831
Caras,H.C,49693
Benda,I.Z.B,15209
Gowland,X.G.G,47031
Orehead,U.O,11093
Philson,F.P,71596
Pickthorne,E.F.P,94458
Shelmardine,V.S,37465
Origin,S.O,24169
Haime,T.J.Y.H,82237
Strutz,Y.Y.S,01060
Esh,J.E,83564
Aldrich,Z.A,29851
Claxson,Z.C,81389
Redwall,T.R,47024
Seson,C.S,17633
Pedroni,E.P,16548
Pancast,K.O.P,39197
Trattles,L.T,24936
Keely,K.M.K,41036
Sandercroft,U.S,19344
Venners,X.V,18012
Berndsen,S.X.B,99015
Biaggioli,S.B,97075
Mirfin,S.A.S.M,43216
Lamont,Y.M.O.L,79650
Carver,D.C,54354
Mechi,N.E.R.M,54111
Fann,T.F,77234
Chalfain,J.O.Q.C,54358
Hadye,I.H,53026
Ollett,H.I.O,29149
Andrivot,R.I.A,79655
Maps,B.M,05176
Broe,E.I.W.B,88122
Hackley,J.H,34989
Storrah,N.T.S,11864
Toulson,B.H.T,42355
Kevlin,P.J.K,90673
Spawton,O.F.S,21674
Peers,J.P,93941
Mulvagh,X.D.M,23851
Brotherhead,J.M.B,07108
Chatt,P.Y.C,51094
Bodicum,X.B,20589
Fishly,L.F,76131
Yitzovitz,Y.E.Y,14905
Gianotti,Z.B.G,58725
Eilhart,Q.E,32795
Lemon,O.T.L,05168
O'Sherrin,O.D.O,32796
Ambroz,V.V.A,53279
Eymer,K.V.E,33641
Eplate,K.M.E,32792
Iglesias,F.K.I,57637
Meltetal,L.T.S.M,18234
Kobus,J.K,93730
Harefoot,T.H,45610
Allsop,A.A,20554
Gaunter,T.P.G,65266
Purnell,Q.P,63088
Brecken,E.E.O.B,17141
Borrow,L.B,42582
Rouby,E.R,71940
Hugill,Z.U.H,45618
McAsgill,I.E.M,57644
Rigbye,H.L.R,08225
Regardsoe,W.R,10753
Idell,W.Z.I,44755
McAleese,A.G.M,65279
Conring,S.K.C,78572
Isaaksohn,G.M.I,01820
Perche,T.P,83916
Sambles,O.S,23833
Whybrow,A.X.V.W,57897
Tatershall,N.I.T,34711
McCarron,D.M,09304
Robjohns,X.R,77246
Sherrell,O.S,58743
Sloey,V.S,80412
Heliet,N.H,87047
Pulley,J.H.P,68781
Giacubo,M.M.G,94807
Fortune,W.H.F,39394
Christophe,P.C,42564
Abisetti,W.A,20530
Stockford,G.W.S,92662
Lambert,E.F.L,91336
Vowells,S.V,90003
Pyson,J.V.P,69888
Vallery,Y.W.Y.V,56330
Shovlar,A.S,79697
Busfield,J.B,08882
Peracco,L.P,91328
Ingerfield,H.N.I,29580
Ranaghan,Z.R,89255
Ablott,T.Y.A,93741
Sentance,O.W.G.S,40377
Phare,Y.Q.P,38057
Yantsurev,N.Y,22728
Hucknall,A.H,91326
Clows,X.C,00915
Grunwall,K.G,59614
Lenin,H.F.L,61925
Lutwyche,L.A.L,10746
Richold,S.R,10749
Macek,F.I.M,83941
Rivett,G.E.P.R,53079
Leneham,D.H.L,04273
Mole,B.C.M,82610
Okenden,I.O,92409
Manvell,U.N.M,20992
Marnane,H.M,58770
Munns,C.M,20518
Woodison,Q.W,43876
Tropman,B.W.T,37192
Haddrell,V.H,20997
Summerly,C.S,77297
McGeechan,B.G.M,60614
Gillbey,C.K.G,55023
Weathey,R.W,81316
Blick,V.B,09753
Hollyman,W.Y.B.H,49177
Chaperling,E.D.C,68587
Phin,I.M.P,72604
Dufour,T.O.D,16262
Wase,T.J.W,00937
Derell,Q.A.D,17110
Tierny,F.E.I.T,40119
Honnicott,R.H,79225
Deinhard,O.N.D,82878
Skiggs,U.R.S,68342
Derrick,F.D.D,19538
Aland,L.W.A.A,46325
Verlinden,I.X.V,98568
Dragon,G.D,73029
Torritti,S.W.T,74356
Carvilla,U.C,35677
Emett,D.W.V.E,77875
Mowday,J.K.M,77877
Spawell,U.S,60199
Allison,D.A,56939
Grgic,Q.L.G,60195
Rushton,S.R,51009
Vankin,F.V,61040
Pigram,C.J.P,83074
Tilbury,J.X.T,96138
Tice,Z.T,43046
Ferro,A.J.F,95286
Robrose,C.R,04911
Treverton,Z.T,49828
Ransome,I.R,97463
Rickersey,I.R,26725
Gremane,B.G,56700
Borrett,P.B,09126
Eake,G.E,87667
Brosius,U.B,86579
Breslauer,I.E.B,88755
Cheyney,G.C,88996
Elleyne,T.E,36994
Barden,Z.B,46551
Geldeford,P.Y.G,45462
Hammerich,W.I.T.H,07183
Yaxley,M.Y,36512
Firmage,S.E.F,48724
McCaughey,P.M,43039
Bartens,R.G.B,97259
Broome,O.P.B,19168
Curtois,E.U.C,66758
Heatherington,X.H.H,23421
Lendon,G.L,66998
Yushankin,I.R.Y,67845
Elcombe,F.E,96162
Mayow,R.M,98342
Sinfield,B.S,95072
Gouny,F.G,34565
Nunan,O.P.N.N,88549
Nasey,M.N,87216
Clowes,S.C,33473
Burnhill,W.U.B,86125
Pucker,E.N.P,55625
Gullick,W.G,11202
Hursthouse,N.V.H,26948
Kier,D.C.K,22108
Aleevy,J.A,41085
Sans,G.I.S,44116
Santhouse,F.R.S,97008
Ruxton,G.R,20163
Hischke,G.G.H,68705
Kolakowski,X.Y.K,99420
Domerq,T.A.D,75471
Ashleigh,F.A,34558
Lippard,A.Y.L,36738
Penbarthy,L.Z.P,35402
Ambrogiotti,I.A,09389
Derry,K.V.D,35640
Palle,I.P,88535
Smewings,W.S,52368
Fardy,D.H.F,14961
Greg,G.U.N.G,35406
Tydeman,G.M.F.T,90400
Brockhurst,C.B,21462
Dodds,D.D,65204
Rossey,Y.D.R,23883
Alway,X.G.A,19383
Matteoni,R.M,98122
Azam,Y.W.A,76340
Findlay,W.F.F,13846
MacKerley,P.M,35632
Heiss,Z.Z.H,53467
Hards,E.H,31276
Kirvell,Q.G.K,06061
Pearcehouse,O.P,55406
Szymonwicz,I.J.S,90638
Eddleston,Y.V.E,61085
Cranmere,T.C,01606
Larose,B.M.L,00999
Lalonde,D.L,00756
Maceur,M.H.M,43006
Tremonte,B.V.T,23419
Hubble,T.I.H,21233
Zorzini,J.V.Z,44332
Tydd,O.T,69810
Backshell,D.B,96178
Maynell,S.M,18064
Tourville,R.J.T,46518
Wenden,W.O.W,11438
Noon,J.N.I.N,35866
Ocklin,Q.O,32358
Sey,Z.S,07389
Glavis,B.G,53235
Govinlock,U.A.G,34772
Mathews,O.N.N.M,56982
Streatley,Y.Q.H.S,31264
Scoffins,X.S,20381
Tout,Y.T,41061
Gylle,U.G,13614
Rushbrook,H.R,58926
Meakin,J.M,46503
Thompsett,J.W.T,86160
Tape,N.T,67882
Coldtart,O.C,42144
Kerans,Y.K,68974
Garraway,G.X.G,64136
Caesman,A.T.M.C,51060
Gummoe,H.D.G,75020
Van,H.C.V,09112
Trimble,P.T,55423
Gaines,L.I.G,53487
Taylot,B.T,43223
Haszard,D.R.H,67411
Macourek,V.M,01626
Ikins,Z.U.I,66328
Loddon,A.L,00535
Lakey,Z.F.L,73095
Balog,L.B,57854
Devonport,O.D,80612
Slyford,M.F.S,30153
Droogan,E.F.D,32337
Kleinzweig,U.X.S.K,98722
Sambrook,S.S,13122
Dunley,L.D,48466
Haggett,P.C.H,14451
Warner,H.R.N.W,01136
Wetton,L.T.P.W,25346
Piel,I.J.P,63627
Caddies,H.C,03550
Headings,G.I.H,58037
Minmagh,Z.M,46044
Fursse,Y.M.F,85411
Burniston,G.B,48464
Sabey,F.G.S,39998
Marquez,Z.M,53829
Macconachy,S.C.M,38653
Brundell,J.B,25598
Yonnie,N.Y,26686
Tather,T.R.T,28625
Barbier,D.Y.B,01123
Crayden,C.C,29953
Bavidge,Q.B,71252
Treadger,C.A.T,85649
Itzkovwitch,H.I,02450
Killingworth,M.K,86730
Rable,Y.R,19915
Medmore,X.M.M,83461
Pollicote,U.P,37327
Scambler,Q.B.E.S,46271
Ham,P.H,50329
Fillgate,D.F,80195
Corday,M.C.C,12492
Doniso,X.D,34043
Massimi,B.K.M,28838
Yukhtin,M.T.Y,63648
Kinig,Z.K,58294
Carnaman,Q.C,97891
Stamper,S.S,23143
Derrett,B.D,85675
Dreelan,D.D,49771
O'Scollee,D.O,75619
O'Kenny,F.V.O,49528
Hessing,L.X.H,07929
Boucher,P.N.B,35362
Lindblom,V.L,28847
Boneham,H.W.B,36219
Szwandt,W.M.S,50580
Wolford,O.W,51674
McDonell,X.K.M,35123
Slocumb,V.S,45163
Soares,W.H.N.S,38874
Westgarth,G.H.W,49521
Seligson,X.S,69195
Denisovo,X.D,77804
Knudsen,R.K,24219
Stanworth,I.S,61481
Burndred,W.I.I.B,04606
Baillie,B.B,46486
Claiton,H.T.C,46244
Guerreau,W.N.G,44069
Hedderly,K.H,66935
Azema,V.A,24456
Du,K.M.D,65847
Quinnelly,W.D.Q,24450
Franke,Z.R.F,87874
Langman,O.H.L,37534
Edmondson,T.D.E,50359
Ladon,Y.M.L,38869
Klimus,N.W.W.K,13567
Ouver,J.O,95009
Mouget,Z.M,10061
Binch,X.B,74325
Elcom,G.E,62344
Ledward,B.L,14660
Caban,U.C,40931
Richings,F.R,34252
Cammell,N.J.C,97662
Boylin,L.B,28821
Adamczyk,U.A,52780
Langdridge,M.L,33169
Gowthrop,H.W.G,85688
Rawcliffe,B.I.R,47562
Biesterfeld,T.V.B,47563
Fansy,W.A.F,39946
Normaville,F.S.N,09040
Barrick,N.B,38858
Dudney,Z.D,15515
McGaraghan,E.S.M,37528
Wealthall,B.W,48648
Mattevi,U.M,27709
Scard,N.J.S,47316
Mangan,Q.F.M,19089
Sandon,P.S,48886
Eliasen,Z.C.E,75425
Pether,L.N.R.P,97217
Hampe,N.H,48884
Whopples,E.H.W,45135
Sessuns,L.S,75665
Alasdair,Z.M.A,22255
Reignolds,U.R,06804
Ettery,O.E,34480
Uphill,M.T.U,67807
Mounsie,R.M,58097
Figgen,R.F,66958
Sannes,Y.S,16818
Hugland,U.H,35337
Bellingham,W.B,02440
Klemke,C.H.K,51465
Duddan,Q.V.D,86566
Gilder,X.R.G,50379
Bilyard,M.B,77859
Kasparski,L.X.H.K,85473
Aire,F.V.A,47790
Brewse,B.B,78709
Novotni,V.I.N,24208
Willoughway,Y.W,63694
Vassbender,D.F.V,47301
Bayldon,Q.B,73011
MacArte,E.Z.M,25533
Karlqvist,B.W.Y.K,27716
Gallety,N.A.G,05701
Palliser,T.Y.P,01346
Arnot,F.A,97440
Dowse,O.D,26868
Yushmanov,K.N.Y,37507
Fraczak,K.Q.F,35324
Roblett,U.A.V.R,23350
Climance,V.P.C,88735
O',T.C.O,37503
Watt,N.W,86791
Di,D.D,16470
Mabbe,C.F.M,41678
Langsbury,T.L,36088
Skillanders,C.P.S,44702
Punter,Y.P,54074
Forde,D.U.O.F,06662
Haylands,Y.H,55167
Deplacido,A.J.D,05575
Mustoo,Q.M,55165
Whardley,U.M.W,24091
Gorgler,S.T.G,72968
Morrall,S.L.M,73815
Hasted,L.F.H,40571
Common,D.O.C,16482
Raffels,Y.Z.R,39585
Karslake,E.O.K,15391
Hearle,K.P.H,27373
Borless,P.B,32710
Drysdale,P.D,78039
Garaghan,J.I.G,10947
Boerderman,P.B.B,38258
Whitmore,W.J.L.W,39348
Skudder,F.W.S,32957
Huff,X.H,82770
Ramsdell,U.R,19515
Lindwasser,D.X.A.L,80590
Cabane,R.V.I.C,72758
McKissack,C.M,94301
Bowdery,F.P.Z.B,66078
Posselt,E.P,91039
McCaffrey,S.Z.M,96963
Durnill,J.L.D,79393
Kennifeck,U.V.K,08629
Ovendon,C.U.O,43834
Jeppe,R.J,83657
Bollum,N.L.B,28671
Checcucci,P.O.H.C,04023
Haldene,U.H,06445
Domb,Y.L.D,26498
Gonzalo,Z.G,32704
Brun,N.J.B,39339
Taudevin,C.T,92119
Ellul,C.E,97808
Deackes,E.D,90176
Burnard,U.M.B,94533
Raun,Q.R,50979
Greenman,E.G,96958
Purver,J.P,70585
Tomicki,N.T,71676
Crim,G.V.C,56286
Reijmers,M.O.E.R,07527
Walisiak,Z.W,60539
Maior,Y.I.C.M,27593
Jakes,M.H.V.J,28440
Roffe,R.R,60304
Hurll,Y.H,81466
Johns,F.C.J,48035
Monkman,B.M,46099
Yegorshin,Z.A.Y,37148
Henriques,V.T.H,18648
Champain,G.C,52929
Flucker,I.F,14252
Catford,O.C,91059
Orry,O.O,78086
Riccione,V.J.R,04205
Mellmer,T.M,92141
Coleborn,H.Q.A.C,28418
Bonnet,U.B,05771
Duffy,B.Z.D,60799
Slocomb,T.S,82585
Randalson,M.H.R,27565
Morit,Y.N.M,48266
Strathe,X.O.S,19705
Cicculini,U.M.H.C,14256
Harbard,P.H,40530
Rowter,H.M.D.R,95401
Rowan,S.N.R,97822
Blei,L.B,62983
Natt,W.N,07707
Eyeington,F.L.E,35187
McGraffin,P.O.W.M,92373
Buckett,K.D.B,05525
Clancy,A.U.C,04678
Gravenall,J.S.G,80399
Bricknall,B.Q.B,29990
Bullocke,L.B,26482
Fallis,E.C.F,10900
Haffenden,L.H,83424
Pavinese,W.O.P,03580
Elletson,R.S.E,20938
Glaum,B.G,16445
Gritskov,W.G,12052
Durran,E.D,93018
Shank,I.S,02049
Trymme,V.L.T,09917
Boschmann,B.W.B,06406
Poundford,C.V.P,03136
Gair,M.C.G,02045
Austin,V.A,24032
Willshire,G.W,39535
Karus,B.K,81030
Lauritsen,Z.L,48000
Lucus,P.V.L,69142
Higounet,O.S.H,96996
MacNucator,U.D.M,61675
Massy,M.S.M,40515
MacLure,P.Y.M,96990
MacGiany,B.Z.P.M,36015
Sigfrid,S.S,58028
Gaynor,X.G,28883
Fass,Q.F,51632
Cussen,O.C,85862
Menichini,A.K.M,38435
Scollick,C.X.S,46293
Franks,X.F,14249
Jordeson,O.J,19935
Amner,P.O.A,54903
